[
  {
    "categoryId": "1",
    "categoryItems": [
      {
        "aid": "38",
        "pic": "admin/upload/image_file/audio_image_38.jpg",
        "soundFile": "admin/upload/audio_file/audio_file_38.mp3",
        "title": "14oct2011",
        "description": "செய்திகள்",
        "categoryId": "1",
        "category": "செய்திகள்"
      },
      {
        "aid": "40",
        "pic": "admin/upload/image_file/audio_image_40.jpg",
        "soundFile": "admin/upload/audio_file/audio_file_40.mp3",
        "title": "13-10-2011",
        "description": "செய்திகள்",
        "categoryId": "1",
        "category": "செய்திகள்"
      },
      {
        "aid": "42",
        "pic": "admin/upload/image_file/audio_image_41.jpg",
        "soundFile": "admin/upload/audio_file/audio_file_41.mp3",
        "title": "17OCT2011",
        "description": "செய்திகள்",
        "categoryId": "1",
        "category": "செய்திகள்"
      },
      {
        "aid": "48",
        "pic": "admin/upload/image_file/audio_image_48.jpg",
        "soundFile": "admin/upload/audio_file/audio_file_48.mp3",
        "title": "3 - 11 - 2011",
        "description": "செய்திகள்",
        "categoryId": "1",
        "category": "செய்திகள்"
      }
	  ]
	  ]